ID_DIA,LECTURA_ENERGIA_ACTIVA
81848,66884.60156
98372,169612.2969
98526,61891.30078
98680,492
